city,lat,lon,max temp,humidity,cloudiness,wind_speed,country,date
ponta do sol,32.67,-17.1,73.4,73,20,12.75,PT,1596329687
isla mujeres,21.23,-86.73,84.2,79,40,5.82,MX,1596329688
mataura,-46.19,168.86,52.83,84,100,1.21,NZ,1596329688
kulachi,31.93,70.46,95.65,44,0,7.02,PK,1596329688
narsaq,60.92,-46.05,50,76,75,1.12,GL,1596329688
punta arenas,-53.15,-70.92,35.6,93,100,4.7,CL,1596329689
samastipur,25.85,85.78,86.59,68,75,3.42,IN,1596329689
longyearbyen,78.22,15.64,48.2,87,17,2.24,SJ,1596329689
carnarvon,-24.87,113.63,60.8,87,0,11.41,AU,1596329689
diffa,13.32,12.61,84.45,48,98,9.71,NE,1596329690
puerto asis,0.51,-76.5,70.27,95,0,1.72,CO,1596329690
castro,-24.79,-50.01,52.41,86,0,2.82,BR,1596329690
yigou,35.81,114.32,82.99,67,33,12.93,CN,1596329690
yellowknife,62.46,-114.35,78.8,50,75,14.99,CA,1596329447
provideniya,64.38,-173.3,49.64,59,18,9.13,RU,1596329691
baoqing,46.33,132.21,81.25,73,72,8.61,CN,1596329691
tucuman,-26.82,-65.22,59,54,0,6.93,AR,1596329652
umzimvubu,-54.8,-68.3,39.2,80,75,8.05,AR,1596329539
ushuaia,-25.3,152.85,66.99,76,8,7,AU,1596329692
hervey bay,-22.97,-42.03,69.42,73,14,12.5,BR,1596329692
arraial do cabo,48.85,-54.01,57.2,100,90,8.05,CA,1596329693
hare bay,19.73,-155.09,84.2,58,90,10.29,US,1596329605
hilo,70.37,31.11,49.14,87,100,11.81,NO,1596329693
vardo,-0.6,73.08,82.74,73,17,11.54,MV,1596329693
hithadhoo,-46.6,168.33,51.66,90,100,9.8,NZ,1596329694
bluff,58.57,5.7,63,99,100,3,NO,1596329694
saleaula,-33.93,18.42,51.01,87,0,9.17,ZA,1596329656
vigrestad,-23.12,-134.97,74.08,75,0,5.97,PF,1596329695
cape town,66.77,123.37,62.56,49,0,16.04,RU,1596329695
rikitea,61.99,-49.67,45.55,97,100,11.7,GL,1596329444
zhigansk,-0.74,-90.35,68,92,95,1.99,EC,1596329695
paamiut,42.1,-79.24,68,88,90,6.93,US,1596329696
puerto ayora,57.79,-152.41,57.2,87,75,4.7,US,1596329696
jamestown,51.03,-4.22,61,88,0,3,GB,1596329696
taolanaro,4.25,-74,59,51,40,10.29,CO,1596329697
kodiak,-26.65,15.16,68,24,0,2.24,NA,1596329697
northam,-9.8,-139.03,79.32,75,21,16.17,PF,1596329697
gutierrez,64.5,-165.41,63,72,40,10.29,US,1596329697
luderitz,-33.87,121.9,48.2,87,100,13.87,AU,1596329698
atuona,11.28,-15.83,81.09,81,100,9.69,GW,1596329698
nome,-34.42,19.23,46.99,92,0,1.01,ZA,1596329698
esperance,-26.58,18.13,60.8,17,0,12.75,NA,1596329698
bubaque,-13.88,167.55,84.2,74,90,2.24,VU,1596329416
hermanus,71.29,-156.79,37.4,73,75,6.93,US,1596329699
keetmanshoop,55.74,-97.86,71.6,43,40,10.29,CA,1596329699
sola,29.96,122.3,82.04,84,29,15.41,CN,1596329700
barrow,-2.02,147.27,83.32,78,10,11.21,PG,1596329700
thompson,42.25,-75.83,77,50,1,3.36,US,1596329700
shenjiamen,63.75,-68.51,57.2,82,75,5.82,CA,1596329700
lorengau,-0.08,31.46,65.12,62,92,4.61,UG,1596329701
broome,-3.67,152.43,82.74,76,77,7.4,PG,1596329701
iqaluit,32.3,-9.24,75.81,63,0,14.5,MA,1596329701
sembabule,50.1,-91.92,68,60,40,5.82,CA,1596329702
namatanai,4.14,96.13,76.84,77,100,4,ID,1596329702
asfi,23.8,-100.73,75.33,48,97,3.4,MX,1596329702
mys shmidta,-2.9,-40.84,77.95,75,3,14.25,BR,1596329702
sioux lookout,9.27,-3,69.15,95,0,5.23,CI,1596329703
meulaboh,-43.3,-65.1,52.68,55,64,16.82,AR,1596329703
cedral,-15.2,12.15,67.26,74,0,4.34,AO,1596329704
camocim,61.52,30.2,53.01,79,100,5.5,RU,1596329704
bouna,5.41,100.34,77,94,40,4.7,MY,1596329601
rawson,53.6,91.39,59,87,61,0.49,RU,1596329704
illoqqortoormiut,-19.93,-40.4,66.2,93,90,4.7,BR,1596329704
namibe,-33.65,115.33,48.99,100,49,2.37,AU,1596329705
lakhdenpokhya,40.16,-8.33,64,93,49,1.01,PT,1596329705
georgetown,11.67,92.75,82.85,79,100,25.1,IN,1596329530
belyy yar,70.63,147.92,60.22,52,90,4.63,RU,1596329705
fundao,-11.1,-77.61,60.28,84,1,9.98,PE,1596329706
busselton,22.08,-159.32,81,88,90,20.8,US,1596329706
lata,34.82,36.12,77,69,40,6.93,SY,1596329706
port blair,30.76,20.23,76.53,90,0,8.95,LY,1596329706
chokurdakh,12.06,-61.75,82.4,83,20,9.17,GD,1596329707
hualmay,47.67,-52.73,60.01,100,90,5.82,CA,1596329707
kapaa,69.45,-133.04,53.6,87,90,18.34,CA,1596329707
safita,-12.82,-42.73,66.2,65,0,5.93,BR,1596329585
ajdabiya,62.23,-6.59,50,100,56,11.41,FO,1596329708
saint-georges,-20.34,57.76,71.6,73,75,16.11,MU,1596329708
malwan,-34.53,20.04,48.2,93,0,3.36,ZA,1596329708
torbay,-21.36,55.77,68,72,90,9.17,RE,1596329709
tuktoyaktuk,60.75,-137.51,68.61,42,54,11.48,CA,1596329709
amderma,-46.28,169.85,57,64,97,1.99,NZ,1596329709
boquira,38.52,-28.7,71.11,67,1,6.82,PT,1596329709
klaksvik,-33.59,26.89,57.97,75,0,11.27,ZA,1596329710
bambous virieux,42.6,-73.97,81,56,100,1.39,US,1596329710
bredasdorp,3.07,172.79,83.68,79,13,17.49,KI,1596329710
saint-philippe,65.28,-126.83,89.6,35,20,4.7,CA,1596329710
haines junction,48.57,-78.12,78.8,57,40,2.24,CA,1596329711
kaitangata,-10.62,150.67,77.76,77,19,13.71,PG,1596329711
ribeira grande,10.57,72.64,82.15,79,93,20.11,IN,1596329711
port alfred,-42.78,147.06,53.01,70,100,4,AU,1596329712
albany,-8.93,125.41,67.87,42,0,4.07,TL,1596329712
butaritari,-51.62,-69.22,32,92,63,2.24,AR,1596329712
norman wells,-42.88,147.33,53.6,46,75,17.22,AU,1596329577
amos,-33.7,-53.46,51.67,86,88,7.34,UY,1596329713
samarai,73.51,80.55,49.08,84,53,19.84,RU,1596329713
jomalig,13.93,121.42,80.44,77,100,1.28,PH,1596329713
kavaratti,-22.96,14.51,73.99,20,0,12.21,NA,1596329713
new norfolk,-21.2,-175.2,73.4,73,75,11.41,TO,1596329714
airai,71.69,128.87,48.76,70,99,3.36,RU,1596329714
rio gallegos,-33.01,17.94,46.4,81,0,2.24,ZA,1596329714
hobart,48.04,40.05,60.8,82,14,6.71,RU,1596329715
chuy,36.41,64.91,66.67,36,0,1.88,AF,1596329715
dikson,22.89,-109.91,91.4,62,5,18.34,MX,1596329715
candelaria,66,111.5,66.2,48,0,2.24,RU,1596329715
walvis bay,-18.2,-65.18,53.08,73,84,2.51,BO,1596329715
vaini,55.57,28.2,49.01,93,6,5.32,BY,1596329716
tiksi,-20.23,164.02,69.31,69,2,22.66,NC,1596329716
saldanha,-38,-57.56,50,76,100,12.75,AR,1596329667
almaznyy,59.7,30.79,55,87,100,6.71,RU,1596329716
dawlatabad,-9.02,34.8,47.71,85,100,13.6,TZ,1596329717
cabo san lucas,-37.62,-73.65,50.83,93,28,7.52,CL,1596329717
aykhal,32.83,66,60.17,31,0,2.35,AF,1596329718
aiquile,60.15,-1.15,51.8,100,97,5.82,GB,1596329719
disna,-26.88,-52.4,55.2,82,0,4.14,BR,1596329719
poum,41.37,-73.41,80.6,57,1,8.05,US,1596329719
mar del plata,-20.41,57.7,71.6,73,75,16.11,MU,1596329719
nikolskoye,69.7,170.31,36.97,90,93,4.76,RU,1596329720
mtwango,39.18,-84.53,73.99,88,90,4.7,US,1596329563
samusu,45.52,-122.68,82.99,34,20,8.05,US,1596329720
buariki,-33.02,27.91,59.92,60,0,11.16,ZA,1596329720
lebu,48.93,-125.55,70,93,75,4.7,CA,1596329470
uruzgan,49.49,105.92,60.06,80,100,8.9,MN,1596329721
tanjong sepat,20.5,-10.07,96.24,11,0,4.72,MR,1596329721
vaitupu,29.55,66.02,76.5,22,8,1.9,PK,1596329721
lerwick,70.47,-68.59,42.8,93,1,3.36,CA,1596329722
xanxere,64.75,177.48,51.8,76,75,8.95,RU,1596329722
bethel,-21.64,-41.05,68.54,72,0,6.62,BR,1596329722
mahebourg,7.04,134.26,80.6,88,75,7.23,PW,1596329722
pevek,25.57,91.88,84.2,100,75,1.32,IN,1596329723
hamilton,-21.21,-159.78,73.4,64,100,5.82,CK,1596329723
portland,54.43,31.9,52.81,91,58,9.98,RU,1596329723
east london,14.9,-24.5,77.34,85,0,3.62,CV,1596329723
ucluelet,26.18,127.76,86,83,75,12.75,JP,1596329724
darhan,11,122.67,81.54,76,100,2.89,PH,1596329724
adrar,22.29,114.16,82,83,100,11.99,HK,1596329480
galgani,-17.71,-39.25,68.77,83,23,6.26,BR,1596329724
nushki,45.76,106.27,60.53,58,98,27.51,MN,1596329725
clyde river,58.31,112.9,73.45,50,0,15.97,RU,1596329725
anadyr,-34,24.73,52.5,65,0,8.99,ZA,1596329726
sao joao da barra,-2.67,141.3,76.69,88,100,7.56,PG,1596329726
kloulklubed,7.98,49.82,79.39,62,28,23.35,SO,1596329727
shillong,25.04,102.72,64.4,88,40,11.18,CN,1596329727
mocambique,68.35,-133.72,62.6,67,75,12.75,CA,1596329727
avarua,-12.12,-73,67.48,73,0,2.68,PE,1596329727
sobolevo,57.62,63.08,61.48,93,100,4.97,RU,1596329728
sao filipe,19.37,-81.42,86,84,20,3.36,KY,1596329728
nishihara,-20.73,139.5,73.4,33,0,12.75,AU,1596329651
dingle,36.77,30.72,78.8,88,0,6.93,TR,1596329729
victoria,7.77,-72.22,86,51,40,18.34,VE,1596329729
caravelas,-2.57,150.8,83.97,75,50,11.56,PG,1596329729
tiruvottiyur,12.68,78.62,75.38,77,100,10.25,IN,1596329729
mandalgovi,60.14,-45.24,46.04,94,100,15.97,GL,1596329730
mama,69.22,-51.1,46.4,87,42,2.24,GL,1596329730
kruisfontein,38.42,-121.42,95,19,1,8.05,US,1596329730
vanimo,3.78,72.97,83.25,76,100,11.81,MV,1596329730
eyl,-1.57,9.26,73.09,78,100,6.29,GA,1596329731
kunming,53.06,32.85,54.19,91,99,9.95,RU,1596329731
inuvik,-22.56,17.08,51.01,29,0,4.7,NA,1596329731
pangoa,69.49,88.4,60.8,77,100,8.95,RU,1596329731
lesnoy,53.39,-2.58,57.99,82,20,4.7,GB,1596329732
west bay,21.43,39.83,82.81,71,90,17.45,SA,1596329732
grand river south east,-34.73,135.87,56.89,72,100,5.39,AU,1596329732
mount isa,46.95,9.57,68,92,100,1.01,CH,1596329732
labutta,21.35,-158.09,87.8,51,75,5.82,US,1596329586
antalya,51.32,42.77,52.72,95,2,6.04,RU,1596329733
san cristobal,20.47,84.23,77.34,88,100,2.71,IN,1596329733
kavieng,-29.66,17.89,57.16,31,0,9.42,ZA,1596329733
vaniyambadi,20.93,-17.03,73.4,88,20,11.41,MR,1596329733
nanortalik,18.69,12.92,91.35,36,100,6.89,NE,1596329734
ilulissat,37.1,-113.58,107.6,6,1,11.41,US,1596329734
laguna,62.14,117.63,71.78,46,0,3.96,RU,1596329734
mahibadhoo,65.61,-37.64,50,34,0,5.82,GL,1596329734
omboue,40.52,-111.94,99,17,1,13.87,US,1596329735
mglin,-30.18,-50.21,60.04,74,0,9.62,BR,1596329735
windhoek,-3.8,102.27,77.56,78,95,2.95,ID,1596329735
talnakh,-21.69,165.68,71.6,53,90,9.17,NC,1596329736
warrington,-12.74,-60.15,70.47,40,0,2.68,BR,1596329703
mecca,-29.95,-71.34,51.8,93,20,5.82,CL,1596329737
port lincoln,21.4,-157.74,87.8,61,40,9.17,US,1596329737
igis,-22.67,167.48,66.54,71,40,17.4,NC,1596329737
makakilo city,40.6,-124.16,71.01,69,23,1.99,US,1596329737
kamenka,31.61,34.76,75,60,0,4.81,IL,1596329738
phulabani,-0.91,122.88,78.42,81,100,6.24,ID,1596329738
springbok,29.97,40.21,84.2,16,0,4.7,SA,1596329738
nouadhibou,10.37,10.73,73.9,90,100,8.61,NG,1596329739
bilma,0.7,108.9,80.87,81,100,8.5,ID,1596329739
saint george,-20.01,57.66,68,87,95,4,MU,1596329739
suntar,68.05,39.51,50.99,88,100,15.82,RU,1596329740
tasiilaq,40.74,-114.07,102.2,7,1,10.29,US,1596329740
meyungs,4.71,6.79,73.24,88,100,4.85,NG,1596329740
riverton,-20.33,-40.29,66.2,93,90,4.7,BR,1596329649
cidreira,30.33,10.85,77.41,23,0,12.53,LY,1596329741
bengkulu,-8.01,-34.86,77,83,75,11.41,BR,1596329741
moindou,-24.79,-65.41,59,54,0,3.36,AR,1596329741
vilhena,28.37,129.48,86,79,75,5.82,JP,1596329741
coquimbo,35.73,140.83,84,69,40,9.17,JP,1596329741
jujuy,-20.74,116.85,76.23,23,0,3.27,AU,1596329650
kailua,24.8,125.28,80.6,94,75,17.22,JP,1596329742
vao,15.4,73.8,79.21,86,82,10.16,IN,1596329742
fortuna,13.22,-59.52,82.4,78,20,4.7,BB,1596329742
solovetskiy,-45.87,-67.5,53.6,46,0,28.86,AR,1596329642
gat,25.52,90.22,80.38,83,98,2.42,IN,1596329743
biak,-6.32,155.48,82.33,63,31,2.35,PG,1596329744
sakakah,-45.42,167.72,54.16,86,87,2.51,NZ,1596329744
bara,65.82,87.98,63.9,63,3,8.63,RU,1596329745
tumannyy,-16.48,-151.75,79,79,0,10.89,PF,1596329745
sungairaya,29.03,21.55,77.88,67,0,11.99,LY,1596329745
grand gaube,-28.41,-54.96,62.87,94,0,7.27,BR,1596329465
ostrovnoy,-35.34,143.55,61.56,40,0,7.99,AU,1596329746
west wendover,-19.01,-57.65,75.22,37,0,2.1,BR,1596329746
abonnema,8.2,-59.78,75.15,97,95,3.13,GY,1596329747
vila velha,-12.12,-77.05,60.8,82,90,12.75,PE,1596329747
nalut,18.44,1.41,91.2,37,0,12.08,ML,1596329747
olinda,34.64,-120.46,71.01,60,0,13.87,US,1596329747
salta,43.67,-7.41,66.99,1,96,7.76,ES,1596329748
naze,19.22,-104.7,84.2,74,75,2.8,MX,1596329748
hasaki,-18.19,31.55,44.6,81,0,6.93,ZW,1596329748
karratha,29.36,-100.9,100.4,31,1,12.75,US,1596329749
hirara,-33.92,25.57,53.6,93,0,8.05,ZA,1596329749
mormugao,-6.22,155.63,84.58,65,28,3.91,PG,1596329749
bathsheba,16.71,96,80.6,88,75,6.93,MM,1596329749
comodoro rivadavia,-44.7,169.15,51.78,78,100,5.14,NZ,1596329749
tura,48.23,46.72,63.32,79,68,6.35,RU,1596329750
belushya guba,29.45,55.68,74.44,39,83,7.83,IR,1596329750
attawapiskat,45.27,36.33,69.24,62,36,9.71,UA,1596329750
panguna,13.59,-89.83,87.8,48,0,3.36,SV,1596329488
te anau,77.48,-69.36,39.78,71,100,5.95,GL,1596329751
turukhansk,54.32,-130.32,60.8,93,90,8.05,CA,1596329751
faanui,50.68,156.12,56.93,76,80,6.67,RU,1596329751
jalu,69.65,18.96,51.8,87,0,10.29,NO,1596329751
sao luiz gonzaga,22.93,57.53,89.37,44,0,1.39,OM,1596329752
swan hill,-6.84,-79.93,60.35,89,0,13.15,PE,1596329752
corumba,-31.43,152.92,64,72,0,1.86,AU,1596329752
nizhneyansk,-23.16,-49.97,61.68,67,0,5.59,BR,1596329752
toliary,63.05,147.19,63.99,34,0,3.02,RU,1596329752
mabaruma,22.65,79.95,79.05,78,44,3.71,IN,1596329753
san isidro,48.83,58.14,74.35,24,0,4.21,KZ,1596329753
kidal,49.78,-74.85,75.2,60,1,3.36,CA,1596329753
lompoc,63.92,127.47,71.26,44,0,3.8,RU,1596329753
cervo,49.22,143.12,65.01,87,71,14.45,RU,1596329754
san patricio,32.77,22.64,80.33,64,0,19.39,LY,1596329754
marondera,57.05,-135.33,62.6,77,90,13.87,US,1596329638
tsihombe,25.29,51.53,97,79,8,3.36,QA,1596329556
del rio,8.48,76.92,78.8,88,75,3.36,IN,1596329596
port elizabeth,-5.2,-35.46,75.2,88,20,6.93,BR,1596329755
kieta,-3.41,-39.03,79,78,30,17,BR,1596329756
kanbe,31.67,38.66,77,41,0,9.17,SA,1596329756
wanaka,34.42,-119.7,72,72,1,11.41,US,1596329756
verkhniy baskunchak,43.32,145.57,69.8,94,75,9.17,JP,1596329756
sirjan,-5.08,-37.62,77.4,67,26,10.67,BR,1596329540
pryozerne,18.39,42.45,66.2,93,47,7.18,SA,1596329757
acajutla,14.48,79.98,83.61,67,100,8.01,IN,1596329757
qaanaaq,6.98,35.58,60.26,85,40,2.8,ET,1596329757
prince rupert,-6.98,-34.83,73.4,94,14,3.36,BR,1596329755
severo-kurilsk,9.49,50.81,77.22,68,98,25.88,SO,1596329758
tromso,67.45,153.68,59.58,51,39,6.35,RU,1596329758
nizwa,-20.52,57.52,71.6,73,75,16.11,MU,1596329758
pimentel,-20.32,118.57,73.4,18,0,4.7,AU,1596329759
port macquarie,64.89,-23.71,48.52,91,100,16.31,IS,1596329759
jacarezinho,65.75,150.85,66.07,45,0,2.17,RU,1596329759
myaundzha,-35.53,144.97,53.01,77,36,7.76,AU,1596329760
ghansor,20.7,-105.2,87.8,62,75,9.17,MX,1596329760
emba,7.37,12.65,64.08,98,100,2.15,CM,1596329760
chapais,37.2,-94.35,82.4,48,75,3.47,US,1596329760
sangar,-14.25,129.55,77,27,0,8.01,AU,1596329761
poronaysk,31.35,27.25,75.2,88,0,11.41,EG,1596329761
darnah,63.44,-20.27,52.11,92,96,13.91,IS,1596329761
sitka,-33.41,-56.5,59.45,94,100,13.18,UY,1596329752
doha,11.87,75.36,75.4,93,100,3.22,IN,1596329762
thiruvananthapuram,11.95,108.44,63.63,100,100,7.63,VN,1596329762
touros,50.32,11.92,66,84,100,1.99,DE,1596329763
ngukurr,5.97,116.07,82,65,20,6.93,MY,1596329763
sentyabrskiy,37.72,-25.43,68,77,20,4.7,PT,1596329488
paracuru,35.26,-118.91,100.99,15,1,17.22,US,1596329763
turayf,42.9,133.91,73.78,79,100,3.18,RU,1596329763
santa barbara,-10.45,161.92,84.65,68,20,3.33,SB,1596329764
nemuro,1.67,-78.14,76.44,92,100,2.24,CO,1596329764
barauna,63.84,-22.43,50,100,90,14.99,IS,1596329764
faya,51.38,1.39,66,72,8,5.01,GB,1596329556
kovur,28.07,95.33,82.94,72,62,0.72,IN,1596329765
mizan teferi,48.65,-53.11,57.99,77,100,1.99,CA,1596329765
cabedelo,33.19,-82.53,86,55,1,5.82,US,1596329765
bandarbeyla,19.93,-105.25,82.78,72,100,3.85,MX,1596329766
gulshat,-8.12,111.89,74.88,77,48,7.52,ID,1596329766
srednekolymsk,55.84,48.66,60.8,93,75,13.42,RU,1596329766
souillac,62.55,155.55,52.57,53,100,9.22,RU,1596329767
port hedland,28.66,-17.92,73.4,78,92,12.75,ES,1596329767
olafsvik,49.6,117.43,68.92,71,100,10.89,CN,1596329767
zyryanka,34.74,60.78,66.83,35,0,7.05,IR,1596329767
inderborskiy,7.69,-5.02,71.6,100,40,9.17,CI,1596329768
deniliquin,40.28,97.2,72.07,19,83,17.31,CN,1596329768
ixtapa,39.93,119.59,83.53,74,95,4.32,CN,1596329768
tignere,8.46,25.68,69.71,96,100,2.86,SS,1596329768
jasper,-31.42,-64.5,70,59,40,13.87,AR,1596329567
port keats,-32.03,-52.1,53.01,96,0,10.71,BR,1596329769
marsa matruh,49.2,-113.3,84.2,54,75,5.82,CA,1596329769
achisay,68.22,-135.01,62.6,67,75,12.75,CA,1596329769
vestmannaeyjar,26.54,-77.06,83.26,81,100,31.32,BS,1596329770
durazno,6.71,7.32,69.03,96,100,5.21,NG,1596329770
kannur,-19.55,169.27,75.2,78,90,17.22,VU,1596329770
da lat,-1.8,-53.48,80.1,62,92,2.77,BR,1596329771
hof,-16.7,-151.02,79.56,78,0,12.08,PF,1596329771
kota kinabalu,-6.64,-51.99,72.05,50,14,1.66,BR,1596329771
vila franca do campo,71.92,114.08,69.44,44,100,8.1,RU,1596329772
lamont,0.53,72.93,82.62,78,85,11.03,MV,1596329772
preobrazheniye,51.09,54.08,72.28,32,0,8.3,KZ,1596329772
kirakira,37.73,-25.67,68,77,20,4.7,PT,1596329772
barbacoas,12.68,124.36,82.53,74,100,4.29,PH,1596329773
grindavik,58.95,36.6,46.49,96,0,5.23,RU,1596329773
margate,32.93,73.73,82.35,75,10,6.69,PK,1596329773
pasighat,2.04,45.34,76.95,76,17,20.96,SO,1596329773
bonavista,43.91,67.25,74.68,42,10,7.11,KZ,1596329773
avera,42.78,-9.06,64,78,3,5.01,ES,1596329774
tomatlan,71.97,102.5,63.28,85,100,5.41,RU,1596329773
boyolangu,68.75,161.3,48.22,65,97,9.55,RU,1596329774
vasilyevo,-35.33,-72.42,54.57,93,100,9.44,CL,1596329774
dukat,26.33,43.98,93.2,26,0,13.87,SA,1596329775
los llanos de aridane,0.52,25.2,72.28,93,72,1.59,CD,1596329775
manzhouli,53.14,0.34,64,67,13,6.93,GB,1596329775
taybad,-23.86,35.38,62.49,77,22,6.51,MZ,1596329775
bouake,57.79,108.11,69.64,51,0,13.96,RU,1596329775
yumen,-38.38,142.48,55,89,100,3,AU,1596329776
qinhuangdao,-9.6,-35.96,71.6,94,75,12.75,BR,1596329628
raga,-5.58,-44.39,79.02,51,3,8.77,BR,1596329776
villa carlos paz,59.36,5.22,62.01,93,100,5.82,NO,1596329776
rio grande,-34.05,23.37,64.8,30,0,6.33,ZA,1596329777
cardston,-6.25,38.67,65.5,76,21,4.43,TZ,1596329777
aklavik,-34.48,-54.33,50.29,85,100,8.41,UY,1596329777
marsh harbour,46.38,-82.63,77,65,1,3.36,CA,1596329777
aku,14.2,24.67,67.46,87,100,6.98,SD,1596329777
isangel,20.15,92.9,82.69,81,100,4.03,MM,1596329778
prainha,-46.13,167.68,54.03,86,100,5.7,NZ,1596329778
fare,40.8,-124.16,66.99,37,35,1.99,US,1596329778
sao felix do xingu,17.02,76.77,76.95,86,91,7.7,IN,1596329778
saskylakh,45.75,-87.06,75.99,69,1,5.82,US,1596329779
thinadhoo,53.75,127.27,69.4,58,95,3.29,RU,1596329779
chingirlau,45.32,55.2,78.12,25,1,11.43,KZ,1596329779
ponta delgada,48.68,71.64,68.45,49,19,11.72,KZ,1596329779
biri,19.91,109.69,84.78,75,94,10.27,CN,1596329779
imeni zhelyabova,20.2,1.01,93.09,34,0,12.77,ML,1596329780
jhelum,48.58,-4,60.01,87,90,5.82,FR,1596329780
mogadishu,23.88,87.37,87.06,71,93,1.54,IN,1596329780
zhanakorgan,46.08,32.53,68.16,65,0,10.07,UA,1596329781
muros,-22.47,-68.93,55.4,3,0,6.93,CL,1596329515
khatanga,64.84,-147.72,78.8,36,20,2.28,US,1596329639
cherskiy,9.33,-69.12,74.71,94,100,3.4,VE,1596329781
constitucion,37.09,15.28,78.01,78,0,2.24,IT,1596329782
buraydah,-7.61,-72.9,75.27,63,35,1.61,BR,1596329782
kisangani,64.57,143.2,69.78,28,88,2.8,RU,1596329782
skegness,26.96,56.27,89.6,75,20,6.93,IR,1596329783
inhambane,-8.9,-35.15,74.07,86,50,10.78,BR,1596329525
kirensk,33.34,44.4,84.2,35,0,2.24,IQ,1596329503
warrnambool,20.89,-156.47,87.8,48,20,25.28,US,1596329783
pilar,47.87,88.12,69.57,34,0,1.83,CN,1596329784
sao domingos do maranhao,65.58,-171,46.09,65,100,14.67,RU,1596329784
visnes,-38.27,141.97,55.11,75,100,9.06,AU,1596329784
plettenberg bay,14.35,121.02,80.6,78,100,6.93,PH,1596329784
mvomero,6.52,124.58,82.72,70,94,3.15,PH,1596329784
rocha,-21.35,165.15,71.11,56,0,10.4,NC,1596329785
elliot lake,-1.2,-46.02,76.24,85,48,5.66,BR,1596329785
kutum,-8.14,159.59,84.7,68,58,1.5,SB,1596329785
akyab,20.34,-77.12,81.09,82,100,6.67,CU,1596329785
tuatapere,3.88,-77.03,77.95,92,79,2.44,CO,1596329786
eureka,29.94,-89.96,89.6,62,90,11.41,US,1596329786
jevargi,-7.94,110.25,77.61,75,54,8.79,ID,1596329786
escanaba,26.8,82.2,82.87,79,0,3.24,IN,1596329787
zeya,30.36,50.8,87.8,38,20,3.83,IR,1596329787
beyneu,66.04,-17.34,51.8,93,100,1.12,IS,1596329787
atasu,58.7,81.48,62.82,84,7,7.72,RU,1596329787
lingao,19.01,72.85,80.6,88,75,6.93,IN,1596329788
tessalit,59.38,143.3,64.76,54,0,7.36,RU,1596329788
morlaix,-32.68,-53.55,54.77,91,100,7.11,UY,1596329788
bakreswar,20.52,-13.05,98.58,23,0,7.54,MR,1596329788
barentsburg,18.09,-15.98,81.05,81,0,16.17,MR,1596329789
lazurne,-2.68,111.62,80.71,77,100,5.28,ID,1596329789
calama,9.56,122.49,82.92,69,100,3.53,PH,1596329789
fairbanks,61.81,36.53,46.71,95,82,3.36,RU,1596329789
villa bruzual,40.59,140.47,82,83,75,5.82,JP,1596329789
marcona,-10.34,-67.19,76.73,44,21,1.34,BR,1596329790
syracuse,27.98,-114.06,79.02,60,0,16.62,MX,1596329790
mancio lima,69.47,25.51,50,81,92,6.93,NO,1596329790
ust-nera,4.71,-74.23,59,51,40,10.29,CO,1596329790
qeshm,17.02,54.09,80.6,88,20,3.36,OM,1596329791
sao jose da coroa grande,-3.77,-49.67,76.69,56,77,0.81,BR,1596329791
baghdad,-41.07,145.92,54,63,100,7,AU,1596329791
kahului,-35.12,-71.28,54,100,20,5.82,CL,1596329792
altay,24.56,-81.78,87.8,70,90,10.29,US,1596329710
lavrentiya,-14.97,22.68,51.8,41,20,6.91,ZM,1596329792
codrington,-5.09,-81.11,64.29,81,0,16.26,PE,1596329793
san pedro,41.3,-96.17,75.2,78,90,13.87,US,1596329793
tuka,64.86,-147.8,78.8,44,90,1.83,US,1596329793
poya,50.93,119.29,69.46,83,99,7.43,RU,1596329794
carutapera,51.26,-80.61,53.6,93,90,9.17,CA,1596329794
buala,32.87,59.22,68,30,0,6.93,IR,1596329794
manzanillo,-18.65,-173.98,77,69,75,10.29,TO,1596329795
louisbourg,60.72,-135.05,71.6,30,40,21.92,CA,1596329795
buenaventura,39.05,-27.98,70.99,71,0,8.57,PT,1596329795
chalmette,53.3,59.13,60.8,93,40,6.71,RU,1596329795
srandakan,61.95,159.23,61.02,48,100,4.88,RU,1596329796
ayodhya,-37.88,147.98,55.99,65,0,7,AU,1596329796
do gonbadan,-5.22,145.8,83.03,72,89,5.93,PG,1596329796
husavik,54.37,92.14,56.53,87,95,0.58,RU,1596329796
parabel,37.46,-122.43,75.99,87,90,13.87,US,1596329797
bombay,-5.79,-35.21,75.2,88,20,6.93,BR,1596329797
okhotsk,65.37,64.67,56.07,90,0,2.8,RU,1596329797
getulio vargas,41.43,-79.71,69.01,94,40,9.17,US,1596329797
atar,41.09,40.73,73.76,69,70,3.42,TR,1596329797
nouakchott,66.83,70.83,57.72,88,33,8.81,RU,1596329798
pangkalanbuun,-25.24,130.99,57.2,26,0,8.05,AU,1596329798
alim,25.02,37.27,87.89,67,0,13.47,SA,1596329798
pudozh,-9.01,-35.22,73.47,88,29,10.51,BR,1596329798
hirosaki,67.67,12.69,57.92,80,1,9.17,NO,1596329799
placido de castro,61.35,16.39,57,98,76,4.47,SE,1596329799
guerrero negro,47.67,-122.12,79,44,0,3,US,1596329706
karasjok,9.36,14.9,71.67,95,100,5.1,TD,1596329799
mosquera,4.64,103.44,78.8,88,40,3.36,MY,1596329800
salalah,-2.92,-39.92,78.19,81,88,14.58,BR,1596329800
tucurui,-41.87,-73.82,48,87,20,13.87,CL,1596329800
burnie,43.72,26.83,73.99,45,93,5.01,BG,1596329800
molina,9.92,-11.45,69.28,97,85,3.24,SL,1596329800
key west,57.55,29.95,47.17,92,94,5.86,RU,1596329801
kalabo,-18.86,-41.12,59.83,94,17,2.53,BR,1596329524
paita,-15.43,-74.62,61.34,60,33,2.46,PE,1596329801
douglas,-15.77,128.73,77,18,0,5.82,AU,1596329801
college,51.23,-58.65,53.49,94,100,0.22,CA,1596329802
kadaya,35.13,140.3,84,74,20,5.82,JP,1596329802
bababe,66.32,-179.17,50.11,65,69,2.51,RU,1596329802
chagda,39.45,-86.18,72,97,76,5.5,US,1596329678
moose factory,63.9,122.76,73.45,41,0,5.37,RU,1596329802
birjand,-19.77,-43.85,64.4,72,99,2.24,BR,1596329803
neiafu,5.56,95.32,81.46,74,99,11.3,ID,1596329803
whitehorse,54.64,83.3,59,100,0,3.38,RU,1596329803
lagoa,60.73,77.59,60.8,100,21,4.47,RU,1596329803
agapovka,-37.83,140.77,50,93,90,5.82,AU,1596329804
evensk,2.67,72.89,82.89,78,100,12.28,MV,1596329804
lakes entrance,-3.48,23.43,78.28,48,96,0.94,CD,1596329805
madang,26.77,31.5,86,23,0,10.29,EG,1596329805
idrinskoye,49.14,56.49,75.43,23,0,7.92,KZ,1596329805
half moon bay,12.58,-81.7,84.2,79,20,2.24,CO,1596329805
natal,38.93,100.45,74.88,17,100,6.67,CN,1596329805
muzhi,42.03,-8.16,64.99,72,1,8.05,PT,1596329806
oil city,33.73,135.98,80.6,83,75,4.7,JP,1596329806
cayeli,-23.53,148.17,68,49,0,13.87,AU,1596329806
yar-sale,60.47,166.1,61.65,55,16,8.25,RU,1596329806
yulara,56.12,101.16,59,87,75,11.18,RU,1596329807
umm lajj,46.49,135.88,78.51,59,0,5.61,RU,1596329807
maragogi,-28.77,114.6,50,87,0,11.41,AU,1596329648
sorland,63.66,9.57,62.01,100,40,11.41,NO,1596329807
bollnas,36.96,45.39,67.57,30,0,3.31,IR,1596329808
redmond,54.77,-101.86,74.3,43,29,2.42,CA,1596329808
pala,34.53,-82.65,89.6,46,1,8.05,US,1596329808
paka,43.48,-8.24,64,88,90,3.36,ES,1596329808
itarema,13.17,44.58,83.84,58,0,4.12,YE,1596329808
ancud,21.12,70.12,83.62,84,37,5.73,IN,1596329809
isperih,9.25,118.41,83.21,75,100,4.63,PH,1596329809
bindi,68.12,13.5,56.1,81,79,5.19,NO,1596329809
dedovichi,63.87,11.3,62.01,93,0,4.7,NO,1596329810
mantenopolis,63.7,11.2,61,93,5,4.7,NO,1596329810
acari,-3.03,-60.18,82.4,78,100,1.48,BR,1596329810
kununurra,-30.65,153,64.99,63,0,6.93,AU,1596329810
saint-augustin,36.25,-121.25,90,60,1,13.87,US,1596329650
katsuura,5.67,73,82.87,77,100,14.12,MV,1596329811
egvekinot,71,24.66,48.2,81,100,10.29,NO,1596329802
bud,50.36,15.92,64.99,70,47,2.51,CZ,1596329811
kysyl-syr,-8.1,156.84,82.74,72,12,3,SB,1596329811
santa luzia,45.63,85.18,81.73,21,25,6.91,CN,1596329812
banda aceh,-22.95,30.48,54.39,68,0,2.71,ZA,1596329812
iskitim,-11.94,-38.08,66.29,98,6,4.52,BR,1596329812
strezhevoy,-3.67,-45.38,76.35,67,11,2.06,BR,1596329813
hunza,-26.41,-49.07,61,92,6,0.43,BR,1596329813
mount gambier,53.97,121.97,61.45,94,100,7.27,RU,1596329813
kudahuvadhoo,42.12,118.78,84.04,49,89,9.31,CN,1596329813
lodja,29.27,82.18,63.75,67,64,0.69,NP,1596329814
tahta,36.56,104.21,66.2,42,0,4.47,CN,1596329814
shubarkuduk,-32.5,137.77,59,44,0,4.7,AU,1596329815
san andres,12.22,8.53,75.2,88,100,6.93,NG,1596329815
zhangye,16.13,119.78,78.31,85,100,9.08,PH,1596329815
vila,32,-102.08,95,20,40,8.05,US,1596329815
shingu,41.14,-73.36,80.6,69,1,9.17,US,1596329815
emerald,-12.58,13.41,67.57,84,0,4.5,AO,1596329816
tilichiki,-36.72,-73.12,53.6,93,40,3.36,CL,1596329816
vikhorevka,55.28,-114.77,82.4,45,1,23.04,CA,1596329816
vostok,-6.42,20.8,81.03,35,98,2.84,CD,1596329817
geraldton,54.34,80.48,63.72,82,68,2.89,RU,1596329817
beian,18.12,82.08,76.82,87,50,1.61,IN,1596329817
naqadeh,-6.21,155.54,86.83,60,49,4.07,PG,1596329817
flin flon,-17.78,-57.77,75.76,38,0,2.84,BO,1596329801
anderson,49.63,-105.98,78.21,31,0,6.22,CA,1596329818
ferrol,27.92,96.17,83.21,68,26,1.36,IN,1596329818
lahij,46.42,3.91,73.4,69,67,5.82,FR,1596329818
mangrol,-19.11,-51.73,68.86,46,0,3.76,BR,1596329819
panacan,66.56,67.8,56.17,93,100,1.7,RU,1596329819
barawe,-28.47,-65.79,65.26,31,0,7.65,AR,1596329819
gravdal,-6.22,-57.75,76.06,46,8,1.54,BR,1596329819
straumen,39.64,141.95,75.45,75,100,9.86,JP,1596329820
skogn,39.93,64.38,66.2,59,0,4.7,UZ,1596329820
livramento,54.08,53.67,65.39,52,100,12.01,RU,1596329820
nambucca heads,6.88,73.1,82.94,78,100,14.65,MV,1596329821
monterey,-5.25,14.87,67.1,84,97,9.37,CD,1596329772
ugoofaaru,-10.83,39.6,63.27,96,3,3.85,TZ,1596329821
havoysund,3.28,32.89,63.99,91,84,3.06,UG,1596329822
jaromer,-15.86,-38.88,68,94,75,5.82,BR,1596329823
gizo,46.84,74.98,73.63,46,83,20.45,KZ,1596329823
tawkar,-34.67,-54.92,54,93,100,8.05,UY,1596329823
baijiantan,67.67,53.09,52.39,94,85,4.21,RU,1596329823
thohoyandou,-22,148.05,67.33,56,31,18.05,AU,1596329824
entre rios,-0.72,8.78,74.34,80,100,10.56,GA,1596329824
santa ines,-10.4,40.33,70.16,90,11,10.78,TZ,1596329824
schroeder,23.83,84.12,80.98,78,37,2.57,IN,1596329824
yerofey pavlovich,40.79,-73.42,80.6,65,1,8.05,US,1596329825
mujiayingzi,4.88,-1.76,73.74,85,48,9.46,GH,1596329825
jumla,6.5,2.6,77,88,40,12.75,BJ,1596329582
baiyin,1.05,101.28,77,88,20,3.18,ID,1596329825
warqla,-6.13,12.37,72.39,83,93,7.25,AO,1596329825
port augusta,8.08,-10.77,70.56,98,100,2.8,SL,1596329826
kunya,-1.27,116.83,77,100,40,2.24,ID,1596329826
aloleng,13.3,19.7,77.47,82,100,13.33,TD,1596329826
midland,53.05,158.65,71.6,43,70,2.24,RU,1596329827
westport,-17.65,-62.75,73.4,64,1,5.82,BO,1596329827
benguela,42.8,93.45,80.31,16,1,3.6,CN,1596329827
talcahuano,39.92,21.8,71.6,49,0,11.41,GR,1596329827
slave lake,4.62,21.89,70.52,94,100,1.7,CF,1596329828
karauzyak,36.37,30.29,84.04,41,0,3.56,TR,1596329827
tshikapa,-28.55,16.43,66.47,27,0,4.56,NA,1596329785
kochki,29.58,-9.5,78.15,42,0,2.53,MA,1596329828
chitrakonda,21.37,-102.85,78.8,34,40,9.17,MX,1596329828
arawa,55.2,80.28,63.86,86,18,4.63,RU,1596329829
puerto quijarro,46.52,-84.33,77,57,75,3.36,CA,1596329797
assiniboia,2.02,112.93,83.46,68,54,0.96,MY,1596329829
tezu,48.28,46.17,61.39,78,93,5.99,RU,1596329829
saint-francois,43.87,-116.5,99,14,100,5.99,US,1596329808
cassilandia,7.42,81.82,79.86,74,62,7.96,LK,1596329830
aksarka,21.65,74.7,79.41,84,10,8.05,IN,1596329830
catamarca,36.96,36.2,81,86,54,1.21,TR,1596329830
jacareacanga,16.78,94.73,83.1,80,4,12.21,MM,1596329831
aflu,72.79,-56.15,42.46,69,0,13.44,GL,1596329782
miyako,69.41,86.18,60.8,77,100,8.95,RU,1596329831
tasbuget,21.32,-158.01,87.8,51,75,5.82,US,1596329622
romitan,-6.88,112.21,78.89,71,0,9.1,ID,1596329832
yermekeyevo,-20.21,57.76,71.6,73,75,16.11,MU,1596329832
dhidhdhoo,18.46,-69.3,84,88,75,9.17,DO,1596329807
mbanza-ngungu,33.24,-86.82,81,78,1,3.36,US,1596329701
namikupa,44.25,-116.97,102.2,16,1,5.82,US,1596329833
kitgum,35.17,-103.72,91.4,21,1,12.75,US,1596329833
belmonte,32.32,121.19,84.51,77,41,13,CN,1596329833
balkhash,-4.87,-44.71,80.51,52,52,3.67,BR,1596329834
maldonado,61.88,9.1,58.57,75,100,5.23,NO,1596329834
naryan-mar,61.38,152.75,62.78,42,15,9.04,RU,1596329834
moranbah,-28.78,32.04,60.67,88,0,2.24,ZA,1596329834
port-gentil,45.67,-118.79,91.99,13,1,10.29,US,1596329834
madimba,-4.88,-66.9,75.74,64,100,0.76,BR,1596329835
barwadih,21.85,111.97,81.52,87,100,10,CN,1596329835
melville,3.17,-52.32,73.74,96,100,2.48,GF,1596329835
takoradi,-38.55,-58.74,48.99,83,100,11.01,AR,1596329836
porto novo,45.49,42.14,62.6,93,3,4.47,RU,1596329836
balaipungut,56.26,83.97,61.79,90,0,2.64,RU,1596329836
soyo,22.57,59.53,83.48,72,0,9.37,OM,1596329836
fabianhaza,32.47,14.57,78.53,56,0,4.52,LY,1596329836
laa,-41.41,175.52,61,58,100,5.82,NZ,1596329837
balikpapan,37.57,-122.38,75.99,63,20,18.34,US,1596329837
oum hadjer,18.74,7.39,88.59,44,12,4.25,NE,1596329837
petropavlovsk-kamchatskiy,7.97,3.6,68.63,97,84,4.76,NG,1596329645
pailon,11.03,-63.86,84.2,79,99,2.24,VE,1596329838
